pdf,page,index,source,side_pt,native_width,native_height,trimmed,detector_score,texture,x0,y0,x1,y1
Secrets of Chess Training School of Future Champions 1_ao_5.pdf,13,0,embedded,137.28,572,568,True,1.0,0.9443,59.05,173.39,196.33,309.71
Secrets of Chess Training School of Future Champions 1_ao_5.pdf,19,0,embedded,136.32,568,568,True,1.0,0.8994,237.13,349.44,373.45,485.76
Secrets of Chess Training School of Future Champions 1_ao_5.pdf,25,0,contour,117.76,800,800,False,0.5,0.9172,245.99,70.99,363.43,188.75
Secrets of Chess Training School of Future Champions 1_ao_5.pdf,25,1,embedded,137.28,572,568,True,1.0,0.8581,237.13,359.99,374.41,496.31
Secrets of Chess Training School of Future Champions 1_ao_5.pdf,30,0,embedded,137.28,572,568,True,1.0,1.0,59.05,325.07,196.33,461.39
Secrets of Chess Training School of Future Champions 1_ao_5.pdf,30,1,contour,117.44,800,800,False,0.5,1.0,246.32,222.44,363.1,339.88
Secrets of Chess Training School of Future Champions 1_ao_5.pdf,30,2,contour,117.44,800,800,False,0.5,1.0,246.32,402.68,363.43,520.12
Secrets of Chess Training School of Future Champions 1_ao_5.pdf,36,0,embedded,137.28,572,564,True,1.0,0.8867,236.17,191.03,373.45,326.39
Secrets of Chess Training School of Future Champions 1_ao_5.pdf,42,0,embedded,136.32,568,564,True,1.0,0.9053,236.65,60.11,372.97,195.47
Secrets of Chess Training School of Future Champions 1_ao_5.pdf,48,0,embedded,137.28,572,568,True,1.0,0.9354,58.57,314.87,195.85,451.19
Secrets of Chess Training School of Future Champions 1_ao_5.pdf,48,1,embedded,136.32,568,568,True,1.0,0.8878,236.17,382.08,372.49,518.4
Secrets of Chess Training School of Future Champions 1_ao_5.pdf,77,0,embedded,136.32,568,564,True,1.0,0.9982,58.57,155.51,194.89,290.87
Secrets of Chess Training School of Future Champions 1_ao_5.pdf,77,1,embedded,136.32,568,568,True,1.0,0.9794,236.17,328.31,372.49,464.63
Secrets of Chess Training School of Future Champions 1_ao_5.pdf,83,0,embedded,167.04,632,696,True,0.9201,0.8147,43.21,30.72,194.89,197.76
Secrets of Chess Training School of Future Champions 1_ao_5.pdf,89,0,embedded,136.32,568,564,True,1.0,0.8999,236.65,182.99,372.97,318.35
Secrets of Chess Training School of Future Champions 1_ao_5.pdf,95,0,embedded,137.28,572,568,True,1.0,0.9306,236.65,342.36,373.93,478.68
Secrets of Chess Training School of Future Champions 1_ao_5.pdf,107,0,embedded,137.28,572,568,True,1.0,0.9329,58.57,420.47,195.85,556.79
Secrets of Chess Training School of Future Champions 1_ao_5.pdf,113,0,embedded,136.32,568,568,True,1.0,0.8986,59.05,114.83,195.37,251.15
Secrets of Chess Training School of Future Champions 1_ao_5.pdf,119,0,embedded,136.32,568,568,True,1.0,0.9641,236.76,62.63,373.08,198.95
Secrets of Chess Training School of Future Champions 1_ao_5.pdf,124,0,embedded,136.32,568,568,True,1.0,0.9025,237.13,181.44,373.45,317.76
Secrets of Chess Training School of Future Champions 1_ao_5.pdf,130,0,embedded,136.32,568,568,True,1.0,1.0,59.05,60.11,195.37,196.43
Secrets of Chess Training School of Future Champions 1_ao_5.pdf,130,1,embedded,136.32,568,568,True,1.0,1.0,236.65,60.11,372.97,196.43
Secrets of Chess Training School of Future Champions 1_ao_5.pdf,136,0,embedded,136.32,568,568,True,1.0,0.9451,59.05,407.63,195.37,543.95
Secrets of Chess Training School of Future Champions 1_ao_5.pdf,142,0,embedded,137.28,572,568,True,1.0,0.9303,236.65,164.75,373.93,301.07
Secrets of Chess Training School of Future Champions 1_ao_5.pdf,154,0,embedded,155.52,568,648,True,0.8414,0.8902,236.65,381.71,372.97,537.23
Secrets of Chess Training School of Future Champions 1_ao_5.pdf,160,0,embedded,137.28,568,572,True,1.0,1.0,60.01,59.15,196.33,196.43
Secrets of Chess Training School of Future Champions 1_ao_5.pdf,160,1,embedded,137.28,572,572,True,1.0,1.0,59.05,226.19,196.33,363.47
Secrets of Chess Training School of Future Champions 1_ao_5.pdf,160,2,embedded,136.32,568,568,True,1.0,1.0,60.01,395.16,196.33,531.48
Secrets of Chess Training School of Future Champions 1_ao_5.pdf,160,3,embedded,137.28,572,568,True,1.0,1.0,236.65,59.15,373.93,195.47
Secrets of Chess Training School of Future Champions 1_ao_5.pdf,160,4,embedded,137.28,572,568,True,1.0,1.0,236.65,227.15,373.93,363.47
Secrets of Chess Training School of Future Champions 1_ao_5.pdf,160,5,embedded,136.32,568,568,True,1.0,1.0,237.61,395.16,373.93,531.48
Secrets of Chess Training School of Future Champions 1_ao_5.pdf,166,0,embedded,145.92,608,568,True,0.9739,1.0,50.41,60.11,196.33,196.43
Secrets of Chess Training School of Future Champions 1_ao_5.pdf,166,1,embedded,137.28,572,568,True,1.0,1.0,59.05,228.11,196.33,364.43
Secrets of Chess Training School of Future Champions 1_ao_5.pdf,166,2,embedded,137.28,572,572,True,1.0,1.0,59.05,396.11,196.33,533.39
Secrets of Chess Training School of Future Champions 1_ao_5.pdf,166,3,embedded,137.28,572,568,True,1.0,1.0,236.65,60.11,373.93,196.43
Secrets of Chess Training School of Future Champions 1_ao_5.pdf,166,4,embedded,137.28,572,572,True,1.0,1.0,236.65,228.11,373.93,365.39
Secrets of Chess Training School of Future Champions 1_ao_5.pdf,166,5,embedded,137.28,572,568,True,1.0,1.0,236.65,397.07,373.93,533.39
Secrets of Chess Training School of Future Champions 1_ao_5.pdf,171,0,embedded,137.28,572,564,True,1.0,1.0,236.17,111.35,373.45,246.71
Secrets of Chess Training School of Future Champions 1_ao_5.pdf,177,0,embedded,137.28,572,568,True,1.0,1.0,58.57,370.56,195.85,506.88
Secrets of Chess Training School of Future Champions 1_ao_5.pdf,183,0,embedded,136.32,568,568,True,1.0,1.0,237.13,336.95,373.45,473.27
Secrets of Chess Training School of Future Champions 1_ao_5.pdf,189,0,embedded,137.28,572,568,True,1.0,0.9818,58.57,418.55,195.85,554.87
Secrets of Chess Training School of Future Champions 1_ao_5.pdf,201,0,embedded,137.28,572,568,True,1.0,1.0,58.57,383.04,195.85,519.36
Secrets of Chess Training School of Future Champions 1_ao_5.pdf,213,0,embedded,137.28,572,568,True,1.0,1.0,59.05,282.84,196.33,419.16
Secrets of Chess Training School of Future Champions 1_ao_5.pdf,213,1,embedded,144.96,604,568,True,0.9915,1.0,237.61,413.39,382.57,549.71
Secrets of Chess Training School of Future Champions 1_ao_5.pdf,254,0,embedded,154.56,1288,1256,True,1.0,0.7525,242.29,368.27,396.85,518.99
Secrets of Chess Training School of Future Champions 1_ao_5.pdf,260,0,embedded,151.68,1264,1264,True,1.0,0.8018,43.57,216.59,195.25,368.27
Secrets of Chess Training School of Future Champions 1_ao_5.pdf,260,1,embedded,153.6,1280,1264,True,1.0,0.8065,243.25,443.16,396.85,594.84
Secrets of Chess Training School of Future Champions 1_ao_5.pdf,271,0,embedded,152.64,1272,1264,True,1.0,0.7185,44.17,163.19,196.81,314.87
Secrets of Chess Training School of Future Champions 1_ao_5.pdf,277,0,embedded,153.6,1280,1256,True,1.0,0.7456,243.25,142.68,396.85,293.4
Secrets of Chess Training School of Future Champions 1_ao_5.pdf,289,0,embedded,154.56,1288,1264,True,1.0,0.7397,243.85,74.87,398.41,226.55
Secrets of Chess Training School of Future Champions 1_ao_5.pdf,295,0,embedded,153.6,1280,1256,True,1.0,0.7465,44.17,191.04,197.77,341.76
Secrets of Chess Training School of Future Champions 1_ao_5.pdf,295,1,embedded,154.56,1288,1256,True,1.0,0.7975,243.85,114.23,398.41,264.95
Secrets of Chess Training School of Future Champions 1_ao_5.pdf,301,0,embedded,153.6,1280,1256,True,1.0,0.7542,44.17,274.55,197.77,425.27
Secrets of Chess Training School of Future Champions 1_ao_5.pdf,307,0,embedded,152.64,1272,1264,True,1.0,0.7211,43.21,50.87,195.85,202.55
Secrets of Chess Training School of Future Champions 1_ao_5.pdf,307,1,embedded,154.56,1288,1264,True,1.0,0.7656,243.85,261.11,398.41,412.79
Secrets of Chess Training School of Future Champions 1_ao_5.pdf,312,0,embedded,152.64,1272,1264,True,1.0,0.7518,43.21,443.52,195.85,595.2
Secrets of Chess Training School of Future Champions 1_ao_5.pdf,318,0,embedded,152.64,1272,1256,True,1.0,0.7656,43.21,352.32,195.85,503.04
Secrets of Chess Training School of Future Champions 1_ao_5.pdf,330,0,embedded,152.64,1272,1264,True,1.0,0.7259,43.21,450.24,195.85,601.92
Secrets of Chess Training School of Future Champions 1_ao_5.pdf,336,0,embedded,152.64,1272,1264,True,1.0,0.7596,42.25,47.99,194.89,199.67
Secrets of Chess Training School of Future Champions 1_ao_5.pdf,336,1,embedded,153.6,1280,1264,True,1.0,0.7815,242.89,102.71,396.49,254.39
Secrets of Chess Training School of Future Champions 1_ao_5.pdf,342,0,embedded,153.6,1280,1264,True,1.0,0.8131,42.25,193.92,195.85,345.6
Secrets of Chess Training School of Future Champions 1_ao_5.pdf,348,0,embedded,152.64,1272,1264,True,1.0,0.7694,42.25,154.55,194.89,306.23
Secrets of Chess Training School of Future Champions 1_ao_5.pdf,348,1,embedded,153.6,1280,1264,True,1.0,0.7154,242.89,318.71,396.49,470.39
Secrets of Chess Training School of Future Champions 1_ao_5.pdf,354,0,embedded,156.48,1304,1264,True,0.7946,0.8034,243.61,49.08,400.09,200.76
Secrets of Chess Training School of Future Champions 1_ao_5.pdf,359,0,embedded,153.6,1280,1264,True,1.0,0.7724,244.81,103.67,398.41,255.35
Secrets of Chess Training School of Future Champions 1_ao_5.pdf,365,0,embedded,152.64,1272,1264,True,1.0,0.7422,246.73,420.47,399.37,572.15
Secrets of Chess Training School of Future Champions 1_ao_5.pdf,371,0,embedded,152.64,1272,1264,True,1.0,0.768,45.49,236.76,198.13,388.44
Secrets of Chess Training School of Future Champions 1_ao_5.pdf,395,0,embedded,152.64,1272,1264,True,1.0,0.8147,244.81,189.11,397.45,340.79
Secrets of Chess Training School of Future Champions 1_ao_5.pdf,401,0,embedded,152.64,1272,1264,True,1.0,0.7693,46.09,276.47,198.73,428.15
Secrets of Chess Training School of Future Champions 1_ao_5.pdf,406,0,embedded,154.56,1288,1264,True,1.0,0.7904,243.85,202.55,398.41,354.23
Secrets of Chess Training School of Future Champions 1_ao_5.pdf,412,0,embedded,153.6,1280,1264,True,1.0,0.7909,42.25,48.96,195.85,200.64
Secrets of Chess Training School of Future Champions 1_ao_5.pdf,418,0,embedded,155.52,1296,1264,True,0.8057,0.724,39.37,415.67,194.89,567.35
Secrets of Chess Training School of Future Champions 1_ao_5.pdf,424,0,embedded,153.6,1280,1264,True,1.0,0.8214,243.85,48.96,397.45,200.64
Secrets of Chess Training School of Future Champions 1_ao_5.pdf,424,1,embedded,153.6,1280,1256,True,1.0,0.7257,243.85,335.03,397.45,485.75
Secrets of Chess Training School of Future Champions 1_ao_5.pdf,430,0,embedded,152.64,1272,1264,True,1.0,0.8136,43.21,97.92,195.85,249.6
Secrets of Chess Training School of Future Champions 1_ao_5.pdf,436,0,embedded,153.6,1280,1256,True,1.0,0.7923,43.21,48.95,196.81,199.67
Secrets of Chess Training School of Future Champions 1_ao_5.pdf,442,0,embedded,153.6,1280,1256,True,1.0,0.7238,243.85,233.28,397.45,384.0
Secrets of Chess Training School of Future Champions 1_ao_5.pdf,448,0,embedded,153.6,1280,1256,True,1.0,0.8725,43.21,48.95,196.81,199.67
Secrets of Chess Training School of Future Champions 1_ao_5.pdf,453,0,embedded,153.6,1280,1264,True,1.0,0.7839,243.85,174.71,397.45,326.39
Secrets of Chess Training School of Future Champions 1_ao_5.pdf,459,0,embedded,152.64,1272,1264,True,1.0,0.689,45.13,364.8,197.77,516.48
Secrets of Chess Training School of Future Champions 1_ao_5.pdf,459,1,embedded,153.6,1280,1264,True,1.0,0.7724,244.81,445.44,398.41,597.12
Secrets of Chess Training School of Future Champions 1_ao_5.pdf,465,0,embedded,153.6,1280,1264,True,1.0,0.818,243.25,151.31,396.85,302.99
Secrets of Chess Training School of Future Champions 1_ao_5.pdf,471,0,embedded,152.64,1272,1256,True,1.0,0.8856,45.13,155.51,197.77,306.23
Secrets of Chess Training School of Future Champions 1_ao_5.pdf,471,1,embedded,153.6,1280,1264,True,1.0,0.8942,243.85,50.87,397.45,202.55
Secrets of Chess Training School of Future Champions 1_ao_5.pdf,477,0,embedded,151.68,1264,1264,True,1.0,0.7522,45.13,175.67,196.81,327.35
Secrets of Chess Training School of Future Champions 1_ao_5.pdf,477,1,embedded,153.6,1280,1256,True,1.0,0.8089,243.85,134.39,397.45,285.11
Secrets of Chess Training School of Future Champions 1_ao_5.pdf,483,0,embedded,151.68,1264,1264,True,1.0,0.8198,45.13,50.87,196.81,202.55
Secrets of Chess Training School of Future Champions 1_ao_5.pdf,483,1,embedded,153.6,1280,1256,True,1.0,0.8456,244.81,423.36,398.41,574.08
Secrets of Chess Training School of Future Champions 1_ao_5.pdf,512,0,embedded,152.64,1272,1264,True,1.0,0.8619,44.17,363.84,196.81,515.52
Secrets of Chess Training School of Future Champions 1_ao_5.pdf,518,0,embedded,152.64,1272,1256,True,1.0,0.903,42.25,153.59,194.89,304.31
Secrets of Chess Training School of Future Champions 1_ao_5.pdf,518,1,embedded,154.56,1288,1256,True,1.0,0.8273,241.93,180.47,396.49,331.19
Secrets of Chess Training School of Future Champions 1_ao_5.pdf,524,0,embedded,153.6,1280,1256,True,1.0,0.8662,243.85,443.52,397.45,594.24
Secrets of Chess Training School of Future Champions 1_ao_5.pdf,530,0,embedded,153.6,1280,1264,True,1.0,0.8384,43.21,298.55,196.81,450.23
Secrets of Chess Training School of Future Champions 1_ao_5.pdf,536,0,embedded,154.56,1288,1264,True,1.0,0.9737,40.33,182.4,194.89,334.08
Secrets of Chess Training School of Future Champions 1_ao_5.pdf,536,1,embedded,153.6,1280,1264,True,1.0,0.9305,41.28,393.6,194.88,545.28
Secrets of Chess Training School of Future Champions 1_ao_5.pdf,536,2,embedded,154.56,1288,1264,True,1.0,0.9076,241.93,182.4,396.49,334.08
Secrets of Chess Training School of Future Champions 1_ao_5.pdf,536,3,embedded,154.56,1288,1264,True,1.0,0.8841,241.93,393.6,396.49,545.28
Secrets of Chess Training School of Future Champions 1_ao_5.pdf,542,0,embedded,154.56,1288,1264,True,1.0,0.9122,42.25,305.27,196.81,456.95
Secrets of Chess Training School of Future Champions 1_ao_5.pdf,542,1,embedded,154.56,1288,1264,True,1.0,0.8605,243.85,355.2,398.41,506.88
Secrets of Chess Training School of Future Champions 1_ao_5.pdf,547,0,embedded,153.6,1280,1264,True,1.0,0.8183,45.13,370.56,198.73,522.24
Secrets of Chess Training School of Future Champions 1_ao_5.pdf,553,0,embedded,153.6,1280,1264,True,1.0,0.8451,43.21,196.8,196.81,348.48
Secrets of Chess Training School of Future Champions 1_ao_5.pdf,553,1,embedded,154.56,1288,1264,True,1.0,0.8417,242.89,155.51,397.45,307.19
Secrets of Chess Training School of Future Champions 1_ao_5.pdf,559,0,embedded,154.56,1288,1264,True,1.0,0.7974,242.89,50.87,397.45,202.55
Secrets of Chess Training School of Future Champions 1_ao_5.pdf,565,0,embedded,153.6,1280,1264,True,1.0,0.8654,242.89,154.56,396.49,306.24
Secrets of Chess Training School of Future Champions 1_ao_5.pdf,571,0,embedded,154.56,1288,1264,True,1.0,0.8461,243.85,272.63,398.41,424.31
Secrets of Chess Training School of Future Champions 1_ao_5.pdf,577,0,embedded,153.6,1280,1256,True,1.0,0.8288,242.89,87.36,396.49,238.08
Secrets of Chess Training School of Future Champions 1_ao_5.pdf,589,0,embedded,152.64,1272,1264,True,1.0,0.8286,46.09,270.71,198.73,422.39
Secrets of Chess Training School of Future Champions 1_ao_5.pdf,589,1,embedded,153.6,1280,1256,True,1.0,0.8814,245.76,442.56,399.36,593.28
Secrets of Chess Training School of Future Champions 1_ao_5.pdf,594,0,embedded,153.6,1280,1264,True,1.0,0.8718,41.28,48.95,194.88,200.63
Secrets of Chess Training School of Future Champions 1_ao_5.pdf,594,1,embedded,153.6,1280,1256,True,1.0,0.889,242.89,335.03,396.49,485.75
Secrets of Chess Training School of Future Champions 1_ao_5.pdf,600,0,embedded,154.56,1288,1256,True,1.0,0.8529,241.93,242.87,396.49,393.59
Secrets of Chess Training School of Future Champions 1_ao_5.pdf,606,0,embedded,152.64,1272,1256,True,1.0,0.8495,42.25,423.35,194.89,574.07
Secrets of Chess Training School of Future Champions 1_ao_5.pdf,606,1,embedded,154.56,1288,1264,True,1.0,0.8635,241.93,361.92,396.49,513.6
Secrets of Chess Training School of Future Champions 1_ao_5.pdf,612,0,embedded,153.6,1280,1264,True,1.0,0.8574,42.25,383.04,195.85,534.72
Secrets of Chess Training School of Future Champions 1_ao_5.pdf,618,0,embedded,152.64,1272,1256,True,1.0,0.7951,42.25,330.23,194.89,480.95
Secrets of Chess Training School of Future Champions 1_ao_5.pdf,624,0,embedded,153.6,1280,1264,True,1.0,0.7302,43.21,422.39,196.81,574.07
Secrets of Chess Training School of Future Champions 1_ao_5.pdf,630,0,embedded,153.6,1280,1256,True,1.0,0.8176,42.25,203.52,195.85,354.24
Secrets of Chess Training School of Future Champions 1_ao_5.pdf,636,0,embedded,154.56,1288,1256,True,1.0,0.8389,242.89,48.96,397.45,199.68
Secrets of Chess Training School of Future Champions 1_ao_5.pdf,647,0,embedded,167.04,1272,1392,True,0.9345,0.8109,44.17,35.51,196.81,202.55
Secrets of Chess Training School of Future Champions 1_ao_5.pdf,647,1,embedded,153.6,1280,1264,True,1.0,0.8388,243.85,345.6,397.45,497.28
Secrets of Chess Training School of Future Champions 1_ao_5.pdf,653,0,embedded,152.64,1272,1264,True,1.0,0.8124,45.13,359.99,197.77,511.67
Secrets of Chess Training School of Future Champions 1_ao_5.pdf,659,0,embedded,152.64,1272,1256,True,1.0,0.788,244.81,272.63,397.45,423.35
Secrets of Chess Training School of Future Champions 1_ao_5.pdf,665,0,embedded,153.6,1280,1264,True,1.0,0.8285,45.13,213.12,198.73,364.8
Secrets of Chess Training School of Future Champions 1_ao_5.pdf,671,0,embedded,152.64,1272,1256,True,1.0,0.8378,244.81,88.31,397.45,239.03
Secrets of Chess Training School of Future Champions 1_ao_5.pdf,671,1,embedded,154.56,1288,1264,True,1.0,0.8296,244.81,445.44,399.37,597.12
Secrets of Chess Training School of Future Champions 1_ao_5.pdf,677,0,embedded,152.64,1272,1256,True,1.0,0.7885,243.85,51.83,396.49,202.55
Secrets of Chess Training School of Future Champions 1_ao_5.pdf,683,0,embedded,152.64,1272,1264,True,1.0,0.7803,45.13,98.87,197.77,250.55
Secrets of Chess Training School of Future Champions 1_ao_5.pdf,688,0,embedded,154.56,1288,1264,True,1.0,0.849,43.21,443.52,197.77,595.2
Secrets of Chess Training School of Future Champions 1_ao_5.pdf,688,1,embedded,153.6,1280,1256,True,1.0,0.7768,243.85,322.55,397.45,473.27
Secrets of Chess Training School of Future Champions 1_ao_5.pdf,694,0,embedded,153.6,1280,1256,True,1.0,0.8692,42.25,88.31,195.85,239.03
Secrets of Chess Training School of Future Champions 1_ao_5.pdf,694,1,embedded,154.56,1288,1256,True,1.0,0.8122,242.89,88.31,397.45,239.03
Secrets of Chess Training School of Future Champions 1_ao_5.pdf,700,0,embedded,153.6,1280,1264,True,1.0,0.8129,44.17,409.91,197.77,561.59
Secrets of Chess Training School of Future Champions 1_ao_5.pdf,700,1,embedded,154.56,1288,1256,True,1.0,0.8072,243.85,149.76,398.41,300.48
Secrets of Chess Training School of Future Champions 1_ao_5.pdf,706,0,embedded,153.6,1280,1264,True,1.0,0.7693,244.81,369.6,398.41,521.28
Secrets of Chess Training School of Future Champions 1_ao_5.pdf,712,0,embedded,154.56,1288,1256,True,1.0,0.7898,242.89,48.96,397.45,199.68
Secrets of Chess Training School of Future Champions 1_ao_5.pdf,718,0,embedded,153.6,1280,1264,True,1.0,0.8786,43.21,97.91,196.81,249.59
Secrets of Chess Training School of Future Champions 1_ao_5.pdf,718,1,embedded,183.36,1280,1528,True,0.7442,0.855,243.85,16.32,397.45,199.68
Secrets of Chess Training School of Future Champions 1_ao_5.pdf,724,0,embedded,153.6,1280,1256,True,1.0,0.8293,43.21,213.11,196.81,363.83
Secrets of Chess Training School of Future Champions 1_ao_5.pdf,724,1,embedded,153.6,1280,1256,True,1.0,0.8155,243.85,171.83,397.45,322.55
Secrets of Chess Training School of Future Champions 1_ao_5.pdf,747,0,embedded,150.72,1248,1256,True,1.0,0.7264,41.28,221.76,191.04,372.48
Secrets of Chess Training School of Future Champions 1_ao_5.pdf,747,1,embedded,153.6,1280,1264,True,1.0,0.7999,238.09,390.72,391.69,542.4
Secrets of Chess Training School of Future Champions 1_ao_5.pdf,753,0,embedded,154.56,1288,1256,True,1.0,0.7591,38.77,314.51,193.33,465.23
Secrets of Chess Training School of Future Champions 1_ao_5.pdf,759,0,embedded,153.6,1280,1264,True,1.0,0.7586,39.37,442.56,192.97,594.24
Secrets of Chess Training School of Future Champions 1_ao_5.pdf,765,0,embedded,153.6,1280,1256,True,1.0,0.7121,239.04,428.15,392.64,578.87
Secrets of Chess Training School of Future Champions 1_ao_5.pdf,771,0,embedded,153.6,1280,1256,True,1.0,0.7621,239.04,150.71,392.64,301.43
Secrets of Chess Training School of Future Champions 1_ao_5.pdf,782,0,embedded,153.6,1280,1256,True,1.0,0.7709,239.4,94.68,393.0,245.4
Secrets of Chess Training School of Future Champions 1_ao_5.pdf,794,0,embedded,151.68,1264,1264,True,1.0,0.8328,42.25,56.64,193.93,208.32
Secrets of Chess Training School of Future Champions 1_ao_5.pdf,794,1,embedded,152.64,1272,1256,True,1.0,0.7664,42.25,244.79,194.89,395.51
Secrets of Chess Training School of Future Champions 1_ao_5.pdf,794,2,embedded,152.64,1272,1264,True,1.0,0.7919,43.21,431.99,195.85,583.67
Secrets of Chess Training School of Future Champions 1_ao_5.pdf,794,3,embedded,153.6,1280,1264,True,1.0,0.8159,243.85,56.64,397.45,208.32
Secrets of Chess Training School of Future Champions 1_ao_5.pdf,794,4,embedded,153.6,1280,1264,True,1.0,0.7752,244.81,244.79,398.41,396.47
Secrets of Chess Training School of Future Champions 1_ao_5.pdf,794,5,embedded,153.6,1280,1264,True,1.0,0.7831,245.76,431.99,399.36,583.67
Secrets of Chess Training School of Future Champions 1_ao_5.pdf,800,0,embedded,152.64,1272,1256,True,1.0,0.7493,40.68,187.8,193.32,338.52
Secrets of Chess Training School of Future Champions 1_ao_5.pdf,806,0,embedded,152.64,1272,1256,True,1.0,0.7323,40.33,78.71,192.97,229.43
Secrets of Chess Training School of Future Champions 1_ao_5.pdf,806,1,embedded,153.6,1280,1264,True,1.0,0.7964,240.0,247.67,393.6,399.35
Secrets of Chess Training School of Future Champions 1_ao_5.pdf,818,0,embedded,152.64,1272,1256,True,1.0,0.8274,41.28,364.79,193.92,515.51
Secrets of Chess Training School of Future Champions 1_ao_5.pdf,824,0,embedded,152.64,1272,1264,True,1.0,0.7488,41.28,223.67,193.92,375.35
Secrets of Chess Training School of Future Champions 1_ao_5.pdf,829,0,embedded,152.64,1272,1264,True,1.0,0.796,39.37,395.51,192.01,547.19
Secrets of Chess Training School of Future Champions 1_ao_5.pdf,841,0,embedded,152.64,1272,1256,True,1.0,0.7188,38.41,292.79,191.05,443.51
Secrets of Chess Training School of Future Champions 1_ao_5.pdf,853,0,embedded,153.6,1280,1264,True,1.0,0.784,238.44,353.88,392.04,505.56
Secrets of Chess Training School of Future Champions 1_ao_5.pdf,865,0,embedded,153.6,1280,1264,True,1.0,0.7292,239.4,128.28,393.0,279.96
Secrets of Chess Training School of Future Champions 1_ao_5.pdf,871,0,embedded,153.6,1280,1256,True,1.0,0.7747,238.44,259.79,392.04,410.51
Secrets of Chess Training School of Future Champions 1_ao_5.pdf,876,0,embedded,153.6,1280,1256,True,1.0,0.7897,240.97,405.11,394.57,555.83
Secrets of Chess Training School of Future Champions 1_ao_5.pdf,882,0,embedded,152.64,1272,1264,True,1.0,0.8405,41.28,180.47,193.92,332.15
Secrets of Chess Training School of Future Champions 1_ao_5.pdf,882,1,embedded,154.56,1288,1264,True,1.0,0.7933,240.97,430.07,395.53,581.75
Secrets of Chess Training School of Future Champions 1_ao_5.pdf,894,0,embedded,153.6,1280,1264,True,1.0,0.743,240.0,141.11,393.6,292.79
Secrets of Chess Training School of Future Champions 1_ao_5.pdf,900,0,embedded,152.64,1272,1264,True,1.0,0.721,41.28,341.75,193.92,493.43
Secrets of Chess Training School of Future Champions 1_ao_5.pdf,900,1,embedded,154.56,1288,1264,True,1.0,0.7189,240.97,454.08,395.53,605.76
Secrets of Chess Training School of Future Champions 1_ao_5.pdf,906,0,embedded,151.68,1264,1264,True,1.0,0.7347,41.28,140.15,192.96,291.83
Secrets of Chess Training School of Future Champions 1_ao_5.pdf,906,1,embedded,152.64,1272,1256,True,1.0,0.7384,240.97,57.6,393.61,208.32
Secrets of Chess Training School of Future Champions 1_ao_5.pdf,912,0,embedded,152.64,1272,1256,True,1.0,0.6805,40.33,161.28,192.97,312.0
Secrets of Chess Training School of Future Champions 1_ao_5.pdf,912,1,embedded,153.6,1280,1256,True,1.0,0.727,240.97,346.55,394.57,497.27
Secrets of Chess Training School of Future Champions 1_ao_5.pdf,918,0,embedded,152.64,1272,1264,True,1.0,0.7863,42.25,414.72,194.89,566.4
Secrets of Chess Training School of Future Champions 1_ao_5.pdf,923,0,embedded,154.56,1288,1256,True,1.0,0.7796,240.0,355.2,394.56,505.92
Secrets of Chess Training School of Future Champions 1_ao_5.pdf,929,0,embedded,153.6,1280,1256,True,1.0,0.6952,239.04,54.71,392.64,205.43
Secrets of Chess Training School of Future Champions 1_ao_5.pdf,935,0,embedded,153.6,1280,1264,True,1.0,0.7729,239.4,181.07,393.0,332.75
Secrets of Chess Training School of Future Champions 1_ao_5.pdf,941,0,embedded,153.6,1280,1256,True,1.0,0.7206,240.0,330.24,393.6,480.96
Secrets of Chess Training School of Future Champions 1_ao_5.pdf,947,0,embedded,153.6,1280,1264,True,1.0,0.8391,40.33,192.96,193.93,344.64
Secrets of Chess Training School of Future Champions 1_ao_5.pdf,953,0,embedded,153.6,1280,1264,True,1.0,0.8324,39.37,53.75,192.97,205.43
Secrets of Chess Training School of Future Champions 1_ao_5.pdf,953,1,embedded,153.6,1280,1264,True,1.0,0.7716,240.0,227.51,393.6,379.19
Secrets of Chess Training School of Future Champions 1_ao_5.pdf,959,0,embedded,153.6,1280,1256,True,1.0,0.7831,240.0,304.31,393.6,455.03
Secrets of Chess Training School of Future Champions 1_ao_5.pdf,965,0,embedded,153.6,1280,1264,True,1.0,0.8257,40.33,228.47,193.93,380.15
Secrets of Chess Training School of Future Champions 1_ao_5.pdf,965,1,embedded,153.6,1280,1256,True,1.0,0.8362,240.0,103.67,393.6,254.39
Secrets of Chess Training School of Future Champions 1_ao_5.pdf,988,0,embedded,154.89,1288,1264,True,1.0,0.8357,238.24,94.12,393.14,246.14
Secrets of Chess Training School of Future Champions 1_ao_5.pdf,1000,0,embedded,152.64,1272,1264,True,1.0,0.8293,41.28,432.95,193.92,584.63
Secrets of Chess Training School of Future Champions 1_ao_5.pdf,1000,1,embedded,154.56,1288,1264,True,1.0,0.778,243.85,432.95,398.41,584.63
Secrets of Chess Training School of Future Champions 1_ao_5.pdf,1017,0,embedded,152.64,1272,1264,True,1.0,0.8083,40.33,155.51,192.97,307.19
Secrets of Chess Training School of Future Champions 1_ao_5.pdf,1017,1,embedded,153.6,1280,1264,True,1.0,0.8393,240.0,335.99,393.6,487.67
Secrets of Chess Training School of Future Champions 1_ao_5.pdf,1023,0,embedded,153.6,1280,1256,True,1.0,0.7905,240.0,300.47,393.6,451.19
Secrets of Chess Training School of Future Champions 1_ao_5.pdf,1029,0,embedded,153.6,1280,1256,True,1.0,0.7496,239.04,324.47,392.64,475.19
Secrets of Chess Training School of Future Champions 1_ao_5.pdf,1035,0,embedded,152.64,1272,1264,True,1.0,0.8169,39.37,53.76,192.01,205.44
Secrets of Chess Training School of Future Champions 1_ao_5.pdf,1041,0,embedded,152.64,1272,1256,True,1.0,0.687,240.97,451.2,393.61,601.92
Secrets of Chess Training School of Future Champions 1_ao_5.pdf,1053,0,embedded,153.6,1280,1264,True,1.0,0.7362,39.37,387.84,192.97,539.52
Secrets of Chess Training School of Future Champions 1_ao_5.pdf,1053,1,embedded,153.6,1280,1256,True,1.0,0.8162,239.04,293.76,392.64,444.48
Secrets of Chess Training School of Future Champions 1_ao_5.pdf,1059,0,embedded,153.6,1280,1264,True,1.0,0.73,240.0,269.75,393.6,421.43
Secrets of Chess Training School of Future Champions 1_ao_5.pdf,1064,0,embedded,151.68,1264,1264,True,1.0,0.8158,40.33,56.63,192.01,208.31
Secrets of Chess Training School of Future Champions 1_ao_5.pdf,1064,1,embedded,153.6,1280,1264,True,1.0,0.7655,239.04,56.63,392.64,208.31
Secrets of Chess Training School of Future Champions 1_ao_5.pdf,1070,0,embedded,152.64,1272,1256,True,1.0,0.7415,41.65,330.83,194.29,481.55
Secrets of Chess Training School of Future Champions 1_ao_5.pdf,1076,0,embedded,153.6,1280,1256,True,1.0,0.7538,240.0,103.67,393.6,254.39
Secrets of Chess Training School of Future Champions 1_ao_5.pdf,1082,0,embedded,153.6,1280,1264,True,1.0,0.7536,240.0,224.63,393.6,376.31
Secrets of Chess Training School of Future Champions 1_ao_5.pdf,1100,0,embedded,152.64,1272,1256,True,1.0,0.7881,240.0,83.51,392.64,234.23
Secrets of Chess Training School of Future Champions 1_ao_5.pdf,1117,0,embedded,153.6,1280,1264,True,1.0,0.7348,40.68,392.28,194.28,543.96
Secrets of Chess Training School of Future Champions 1_ao_5.pdf,1129,0,embedded,153.6,1280,1264,True,1.0,0.7688,39.37,92.16,192.97,243.84
Secrets of Chess Training School of Future Champions 1_ao_5.pdf,1141,0,embedded,153.6,1280,1256,True,1.0,0.7938,40.33,421.43,193.93,572.15
Secrets of Chess Training School of Future Champions 1_ao_5.pdf,1147,0,embedded,153.6,1280,1256,True,1.0,0.7752,40.33,330.23,193.93,480.95
Secrets of Chess Training School of Future Champions 1_ao_5.pdf,1147,1,embedded,153.6,1280,1256,True,1.0,0.8671,241.93,452.16,395.53,602.88
Secrets of Chess Training School of Future Champions 1_ao_5.pdf,1153,0,embedded,154.56,1288,1256,True,1.0,0.801,39.37,250.55,193.93,401.27
Secrets of Chess Training School of Future Champions 1_ao_5.pdf,1158,0,embedded,153.6,1280,1264,True,1.0,0.7182,238.8,206.51,392.4,358.19
Secrets of Chess Training School of Future Champions 1_ao_5.pdf,1164,0,embedded,151.68,1264,1256,True,1.0,0.8611,40.33,131.51,192.01,282.23
Secrets of Chess Training School of Future Champions 1_ao_5.pdf,1170,0,embedded,152.64,1272,1256,True,1.0,0.7978,40.33,153.59,192.97,304.31
Secrets of Chess Training School of Future Champions 1_ao_5.pdf,1176,0,embedded,153.6,1280,1264,True,1.0,0.7404,240.0,346.55,393.6,498.23
